anno,saldo_31dic,plus,minus,diversi_plus,diversi_minus,exchange
2017,1266.9382010152983,1060.641140532139,0.0,0,1.0254,Bittrex
2018,39.29370731229648,2015.5711154990777,123.03101162426513,0,6.264332178046792,Bittrex
2019,77.06965523569308,0.0,0.0,0,0.0,Bittrex
2020,305.53258835627236,0.0,0.0,0,0.0,Bittrex
2021,470.08603196345746,0.0,0.0,0,0.0,Bittrex
2022,186.59666992798313,0.0,0.0,0,0.0,Bittrex
2023,460.51942102905826,0.0,0.0,0,0.0,Bittrex
2024,1039.763840658606,0.0,0.0,0,0.0,Bittrex
