anno,saldo_31dic,plus,minus,diversi_plus,diversi_minus,exchange
2024,2212.572408223467,1664.5555334038252,11.930074327610802,3747.6027687112787,3900.0941301943267,Bybit
2025,74.16371654675731,808.379527685001,99.55357324202711,865.709015201017,2026.1710775243578,Bybit
